x,y,z,N_side,N_layer,t_label,phi,eta,q,pt,d0,z0,n_label
9.216,-4.0798,8.9277,11,1,T0,-0.4467,0.8019,1,69.2915,0.3108,-0.0455,0
17.6857,-8.163,17.3026,11,2,T0,-0.4467,0.8019,1,69.2915,0.3108,-0.0455,1
26.7532,-12.5528,26.2758,11,3,T0,-0.4467,0.8019,1,69.2915,0.3108,-0.0455,2
35.2094,-16.6637,34.6508,11,4,T0,-0.4467,0.8019,1,69.2915,0.3108,-0.0455,3
44.2625,-21.0831,43.624,11,5,T0,-0.4467,0.8019,1,69.2915,0.3108,-0.0455,4
53.308,-25.5178,52.5972,11,6,T0,-0.4467,0.8019,1,69.2915,0.3108,-0.0455,5
61.7438,-29.6706,60.9721,11,7,T0,-0.4467,0.8019,1,69.2915,0.3108,-0.0455,6
70.7748,-34.1348,69.9453,11,8,T0,-0.4467,0.8019,1,69.2915,0.3108,-0.0455,7
79.7983,-38.6143,78.9185,11,9,T0,-0.4467,0.8019,1,69.2915,0.3108,-0.0455,8
88.2133,-42.809,87.2935,11,10,T0,-0.4467,0.8019,1,69.2915,0.3108,-0.0455,9
-6.0928,7.5459,-33.7874,4,1,T1,2.2457,-1.9723,-1,64.1858,0.0332,0.3894,10
-12.2499,15.1975,-68.3969,4,2,T1,2.2457,-1.9723,-1,64.1858,0.0332,0.3894,11
-18.2663,22.6473,-102.1411,4,3,T1,2.2457,-1.9723,-1,64.1858,0.0332,0.3894,12
-24.4503,30.2772,-136.7506,4,4,T1,2.2457,-1.9723,-1,64.1858,0.0332,0.3894,13
-30.4928,37.7057,-170.4948,4,5,T1,2.2457,-1.9723,-1,64.1858,0.0332,0.3894,14
-36.7036,45.3139,-205.1042,4,6,T1,2.2457,-1.9723,-1,64.1858,0.0332,0.3894,15
-42.7721,52.7211,-238.8485,4,7,T1,2.2457,-1.9723,-1,64.1858,0.0332,0.3894,16
-49.0096,60.3074,-273.4579,4,8,T1,2.2457,-1.9723,-1,64.1858,0.0332,0.3894,17
-55.1824,67.7879,-307.6348,4,9,T1,2.2457,-1.9723,-1,64.1858,0.0332,0.3894,18
-61.3683,75.2576,-341.8116,4,10,T1,2.2457,-1.9723,-1,64.1858,0.0332,0.3894,19
3.1651,-9.1167,49.4214,9,1,T2,-1.2269,2.3271,1,31.0394,-0.0767,0.4464,20
6.3982,-18.3012,98.8376,9,2,T2,-1.2269,2.3271,1,31.0394,-0.0767,0.4464,21
9.5694,-27.4153,147.8126,9,3,T2,-1.2269,2.3271,1,31.0394,-0.0767,0.4464,22
12.7357,-36.6231,197.2289,9,4,T2,-1.2269,2.3271,1,31.0394,-0.0767,0.4464,23
15.8406,-45.76,246.2039,9,5,T2,-1.2269,2.3271,1,31.0394,-0.0767,0.4464,24
18.9124,-54.908,295.1789,9,6,T2,-1.2269,2.3271,1,31.0394,-0.0767,0.4464,25
21.9784,-64.1497,344.5951,9,7,T2,-1.2269,2.3271,1,31.0394,-0.0767,0.4464,26
24.9837,-73.3198,393.5702,9,8,T2,-1.2269,2.3271,1,31.0394,-0.0767,0.4464,27
27.9558,-82.5008,442.5452,9,9,T2,-1.2269,2.3271,1,31.0394,-0.0767,0.4464,28
30.8946,-91.6924,491.5202,9,10,T2,-1.2269,2.3271,1,31.0394,-0.0767,0.4464,29
-9.5638,-1.1912,6.5995,6,1,T3,-3.0231,0.6419,-1,65.4152,0.0435,-0.0205,30
-19.1308,-2.3555,13.2195,6,2,T3,-3.0231,0.6419,-1,65.4152,0.0435,-0.0205,31
-29.0636,-3.582,20.0941,6,3,T3,-3.0231,0.6419,-1,65.4152,0.0435,-0.0205,32
-38.6264,-4.7798,26.7142,6,4,T3,-3.0231,0.6419,-1,65.4152,0.0435,-0.0205,33
-48.5548,-6.041,33.5888,6,5,T3,-3.0231,0.6419,-1,65.4152,0.0435,-0.0205,34
-58.1134,-7.2721,40.2088,6,6,T3,-3.0231,0.6419,-1,65.4152,0.0435,-0.0205,35
-67.6699,-8.5197,46.8288,6,7,T3,-3.0231,0.6419,-1,65.4152,0.0435,-0.0205,36
-77.2242,-9.7836,53.4489,6,8,T3,-3.0231,0.6419,-1,65.4152,0.0435,-0.0205,37
-86.7764,-11.0639,60.0689,6,9,T3,-3.0231,0.6419,-1,65.4152,0.0435,-0.0205,38
-96.6936,-12.4107,66.9435,6,10,T3,-3.0231,0.6419,-1,65.4152,0.0435,-0.0205,39
-3.3414,9.1027,1.8266,3,1,T4,1.9158,0.2013,-1,56.9935,0.0561,-0.1381,40
-6.6479,18.2178,3.7914,3,2,T4,1.9158,0.2013,-1,56.9935,0.0561,-0.1381,41
-9.9725,27.3263,5.7561,3,3,T4,1.9158,0.2013,-1,56.9935,0.0561,-0.1381,42
-13.3152,36.4283,7.7208,3,4,T4,1.9158,0.2013,-1,56.9935,0.0561,-0.1381,43
-16.6758,45.5236,9.6856,3,5,T4,1.9158,0.2013,-1,56.9935,0.0561,-0.1381,44
-20.0544,54.6123,11.6503,3,6,T4,1.9158,0.2013,-1,56.9935,0.0561,-0.1381,45
-23.451,63.6942,13.615,3,7,T4,1.9158,0.2013,-1,56.9935,0.0561,-0.1381,46
-26.8656,72.7694,15.5797,3,8,T4,1.9158,0.2013,-1,56.9935,0.0561,-0.1381,47
-30.2981,81.8379,17.5445,3,9,T4,1.9158,0.2013,-1,56.9935,0.0561,-0.1381,48
-33.7486,90.8995,19.5092,3,10,T4,1.9158,0.2013,-1,56.9935,0.0561,-0.1381,49
-1.2549,9.4808,3.9622,3,1,T5,1.7423,0.4032,-1,53.2341,-0.3913,0.0043,50
-2.9877,19.3004,8.0921,3,2,T5,1.7423,0.4032,-1,53.2341,-0.3913,0.0043,51
-4.6683,28.7073,12.05,3,3,T5,1.7423,0.4032,-1,53.2341,-0.3913,0.0043,52
-6.3686,38.1107,16.0078,3,4,T5,1.7423,0.4032,-1,53.2341,-0.3913,0.0043,53
-8.1637,47.9191,20.1378,3,5,T5,1.7423,0.4032,-1,53.2341,-0.3913,0.0043,54
-9.9041,57.3152,24.0956,3,6,T5,1.7423,0.4032,-1,53.2341,-0.3913,0.0043,55
-11.6641,66.7076,28.0535,3,7,T5,1.7423,0.4032,-1,53.2341,-0.3913,0.0043,56
-13.5215,76.5044,32.1834,3,8,T5,1.7423,0.4032,-1,53.2341,-0.3913,0.0043,57
-15.3216,85.8892,36.1413,3,9,T5,1.7423,0.4032,-1,53.2341,-0.3913,0.0043,58
-17.1412,95.2702,40.0992,3,10,T5,1.7423,0.4032,-1,53.2341,-0.3913,0.0043,59
-9.4195,2.1876,10.3184,5,1,T6,2.9407,0.9088,-1,72.4512,-0.2712,0.2735,60
-18.8961,4.0947,20.3633,5,2,T6,2.9407,0.9088,-1,72.4512,-0.2712,0.2735,61
-28.3756,5.9872,30.4082,5,3,T6,2.9407,0.9088,-1,72.4512,-0.2712,0.2735,62
-37.8581,7.8649,40.4531,5,4,T6,2.9407,0.9088,-1,72.4512,-0.2712,0.2735,63
-47.3435,9.7279,50.498,5,5,T6,2.9407,0.9088,-1,72.4512,-0.2712,0.2735,64
-56.8317,11.5762,60.5428,5,6,T6,2.9407,0.9088,-1,72.4512,-0.2712,0.2735,65
-66.629,13.4687,70.9118,5,7,T6,2.9407,0.9088,-1,72.4512,-0.2712,0.2735,66
-75.8168,15.2286,80.6326,5,8,T6,2.9407,0.9088,-1,72.4512,-0.2712,0.2735,67
-85.6199,17.0907,91.0015,5,9,T6,2.9407,0.9088,-1,72.4512,-0.2712,0.2735,68
-94.8131,18.8221,100.7224,5,10,T6,2.9407,0.9088,-1,72.4512,-0.2712,0.2735,69
-6.162,-7.5536,-43.4636,7,1,T7,-2.2422,-2.1999,-1,27.6352,-0.1452,-0.0235,70
-12.1183,-15.1447,-86.4649,7,2,T7,-2.2422,-2.1999,-1,27.6352,-0.1452,-0.0235,71
-18.1644,-22.9156,-130.3439,7,3,T7,-2.2422,-2.1999,-1,27.6352,-0.1452,-0.0235,72
-24.0582,-30.5553,-173.3452,7,4,T7,-2.2422,-2.1999,-1,27.6352,-0.1452,-0.0235,73
-29.9806,-38.2972,-216.7853,7,5,T7,-2.2422,-2.1999,-1,27.6352,-0.1452,-0.0235,74
-35.8712,-46.0633,-260.2254,7,6,T7,-2.2422,-2.1999,-1,27.6352,-0.1452,-0.0235,75
-41.7889,-53.9324,-304.1043,7,7,T7,-2.2422,-2.1999,-1,27.6352,-0.1452,-0.0235,76
-47.5565,-61.6678,-347.1056,7,8,T7,-2.2422,-2.1999,-1,27.6352,-0.1452,-0.0235,77
-53.4095,-69.5851,-390.9845,7,9,T7,-2.2422,-2.1999,-1,27.6352,-0.1452,-0.0235,78
-59.1715,-77.4471,-434.4246,7,10,T7,-2.2422,-2.1999,-1,27.6352,-0.1452,-0.0235,79
-8.9793,-3.8619,-53.3983,6,1,T8,-2.6918,-2.3943,1,34.4185,-0.4099,-0.3252,80
-17.8679,-8.0987,-106.9136,6,2,T8,-2.6918,-2.3943,1,34.4185,-0.4099,-0.3252,81
-26.6968,-12.2713,-159.9867,6,3,T8,-2.6918,-2.3943,1,34.4185,-0.4099,-0.3252,82
-35.6133,-16.4492,-213.502,6,4,T8,-2.6918,-2.3943,1,34.4185,-0.4099,-0.3252,83
-44.4697,-20.5632,-266.5751,6,5,T8,-2.6918,-2.3943,1,34.4185,-0.4099,-0.3252,84
-53.4136,-24.6819,-320.0905,6,6,T8,-2.6918,-2.3943,1,34.4185,-0.4099,-0.3252,85
-62.2971,-28.7371,-373.1635,6,7,T8,-2.6918,-2.3943,1,34.4185,-0.4099,-0.3252,86
-71.1939,-32.7629,-426.2366,6,8,T8,-2.6918,-2.3943,1,34.4185,-0.4099,-0.3252,87
-80.104,-36.7594,-479.3097,6,9,T8,-2.6918,-2.3943,1,34.4185,-0.4099,-0.3252,88
-89.1016,-40.7594,-532.825,6,10,T8,-2.6918,-2.3943,1,34.4185,-0.4099,-0.3252,89
9.0774,-3.5485,35.2446,11,1,T9,-0.3438,2.0063,-1,54.3424,-0.2909,-0.3206,90
18.1477,-6.7645,70.3761,11,2,T9,-0.3438,2.0063,-1,54.3424,-0.2909,-0.3206,91
27.3367,-10.0011,105.9412,11,3,T9,-0.3438,2.0063,-1,54.3424,-0.2909,-0.3206,92
36.4203,-13.1794,141.0727,11,4,T9,-0.3438,2.0063,-1,54.3424,-0.2909,-0.3206,93
45.6226,-16.3779,176.6378,11,5,T9,-0.3438,2.0063,-1,54.3424,-0.2909,-0.3206,94
54.7193,-19.5185,211.7693,11,6,T9,-0.3438,2.0063,-1,54.3424,-0.2909,-0.3206,95
63.9348,-22.6789,247.3345,11,7,T9,-0.3438,2.0063,-1,54.3424,-0.2909,-0.3206,96
73.0444,-25.7817,282.4659,11,8,T9,-0.3438,2.0063,-1,54.3424,-0.2909,-0.3206,97
82.2729,-28.9038,318.0311,11,9,T9,-0.3438,2.0063,-1,54.3424,-0.2909,-0.3206,98
91.3953,-31.969,353.1625,11,10,T9,-0.3438,2.0063,-1,54.3424,-0.2909,-0.3206,99
4.5216,8.7317,-7.4728,2,1,T10,1.0864,-0.6726,1,73.7401,0.0719,-0.3495,100
9.1204,17.4228,-14.5961,2,2,T10,1.0864,-0.6726,1,73.7401,0.0719,-0.3495,101
13.9037,26.4283,-21.9832,2,3,T10,1.0864,-0.6726,1,73.7401,0.0719,-0.3495,102
18.3583,34.7837,-28.8427,2,4,T10,1.0864,-0.6726,1,73.7401,0.0719,-0.3495,103
23.1695,43.7743,-36.2298,2,5,T10,1.0864,-0.6726,1,73.7401,0.0719,-0.3495,104
27.9951,52.7571,-43.6169,2,6,T10,1.0864,-0.6726,1,73.7401,0.0719,-0.3495,105
32.489,61.0914,-50.4764,2,7,T10,1.0864,-0.6726,1,73.7401,0.0719,-0.3495,106
37.3425,70.0592,-57.8635,2,8,T10,1.0864,-0.6726,1,73.7401,0.0719,-0.3495,107
42.0363,78.6993,-64.9868,2,9,T10,1.0864,-0.6726,1,73.7401,0.0719,-0.3495,108
46.7436,87.3322,-72.1101,2,10,T10,1.0864,-0.6726,1,73.7401,0.0719,-0.3495,109
8.9794,-4.7715,-1.7912,11,1,T11,-0.4774,-0.1854,1,25.8722,-0.0887,0.1043,110
17.5873,-9.2986,-3.6043,11,2,T11,-0.4774,-0.1854,1,25.8722,-0.0887,0.1043,111
26.1752,-13.8634,-5.4174,11,3,T11,-0.4774,-0.1854,1,25.8722,-0.0887,0.1043,112
35.1321,-18.6757,-7.313,11,4,T11,-0.4774,-0.1854,1,25.8722,-0.0887,0.1043,113
43.6789,-23.3171,-9.1261,11,5,T11,-0.4774,-0.1854,1,25.8722,-0.0887,0.1043,114
52.5925,-28.2093,-11.0216,11,6,T11,-0.4774,-0.1854,1,25.8722,-0.0887,0.1043,115
61.0974,-32.9269,-12.8347,11,7,T11,-0.4774,-0.1854,1,25.8722,-0.0887,0.1043,116
69.9668,-37.8988,-14.7302,11,8,T11,-0.4774,-0.1854,1,25.8722,-0.0887,0.1043,117
78.4292,-42.6923,-16.5433,11,9,T11,-0.4774,-0.1854,1,25.8722,-0.0887,0.1043,118
87.2538,-47.7431,-18.4388,11,10,T11,-0.4774,-0.1854,1,25.8722,-0.0887,0.1043,119
-5.7957,-7.9377,25.5619,7,1,T12,-2.1505,1.6872,1,31.8546,-0.483,-0.0535,120
-11.2167,-16.1206,51.1773,7,2,T12,-2.1505,1.6872,1,31.8546,-0.483,-0.0535,121
-16.6669,-24.2841,76.7927,7,3,T12,-2.1505,1.6872,1,31.8546,-0.483,-0.0535,122
-22.1463,-32.4279,102.4082,7,4,T12,-2.1505,1.6872,1,31.8546,-0.483,-0.0535,123
-27.6549,-40.5521,128.0236,7,5,T12,-2.1505,1.6872,1,31.8546,-0.483,-0.0535,124
-33.2836,-48.7892,154.0589,7,6,T12,-2.1505,1.6872,1,31.8546,-0.483,-0.0535,125
-38.7593,-56.741,179.2544,7,7,T12,-2.1505,1.6872,1,31.8546,-0.483,-0.0535,126
-44.4469,-64.9375,205.2898,7,8,T12,-2.1505,1.6872,1,31.8546,-0.483,-0.0535,127
-49.9795,-72.8498,230.4853,7,9,T12,-2.1505,1.6872,1,31.8546,-0.483,-0.0535,128
-55.7257,-81.0054,256.5206,7,10,T12,-2.1505,1.6872,1,31.8546,-0.483,-0.0535,129
-1.1797,-9.7947,13.7128,8,1,T13,-1.6491,1.1145,1,54.1407,-0.3992,0.3079,130
-1.9602,-19.3535,26.7555,8,2,T13,-1.6491,1.1145,1,54.1407,-0.3992,0.3079,131
-2.8054,-29.4416,40.5227,8,3,T13,-1.6491,1.1145,1,54.1407,-0.3992,0.3079,132
-3.6265,-38.997,53.5653,8,4,T13,-1.6491,1.1145,1,54.1407,-0.3992,0.3079,133
-4.4908,-48.8161,66.9702,8,5,T13,-1.6491,1.1145,1,54.1407,-0.3992,0.3079,134
-5.3759,-58.6333,80.3751,8,6,T13,-1.6491,1.1145,1,54.1407,-0.3992,0.3079,135
-6.2571,-68.1833,93.4177,8,7,T13,-1.6491,1.1145,1,54.1407,-0.3992,0.3079,136
-7.2085,-78.2619,107.185,8,8,T13,-1.6491,1.1145,1,54.1407,-0.3992,0.3079,137
-8.1301,-87.8081,120.2276,8,9,T13,-1.6491,1.1145,1,54.1407,-0.3992,0.3079,138
-9.0714,-97.3524,133.2702,8,10,T13,-1.6491,1.1145,1,54.1407,-0.3992,0.3079,139
8.807,4.1206,-31.8935,0,1,T14,0.3908,-1.9166,-1,43.8698,0.4428,0.4052,140
17.8925,7.9048,-64.6229,0,2,T14,0.3908,-1.9166,-1,43.8698,0.4428,0.4052,141
26.8489,11.6625,-96.9216,0,3,T14,0.3908,-1.9166,-1,43.8698,0.4428,0.4052,142
35.7955,15.4432,-129.2203,0,4,T14,0.3908,-1.9166,-1,43.8698,0.4428,0.4052,143
44.8514,19.2978,-161.9497,0,5,T14,0.3908,-1.9166,-1,43.8698,0.4428,0.4052,144
53.7783,23.1248,-194.2485,0,6,T14,0.3908,-1.9166,-1,43.8698,0.4428,0.4052,145
62.6953,26.9748,-226.5472,0,7,T14,0.3908,-1.9166,-1,43.8698,0.4428,0.4052,146
71.721,30.8995,-259.2766,0,8,T14,0.3908,-1.9166,-1,43.8698,0.4428,0.4052,147
80.7365,34.8478,-292.006,0,9,T14,0.3908,-1.9166,-1,43.8698,0.4428,0.4052,148
89.6232,38.7672,-324.3047,0,10,T14,0.3908,-1.9166,-1,43.8698,0.4428,0.4052,149
6.2316,-7.3366,-38.1014,10,1,T15,-0.8358,-2.0922,1,82.1337,-0.2909,0.2848,150
12.7423,-14.5681,-76.9238,10,2,T15,-0.8358,-2.0922,1,82.1337,-0.2909,0.2848,151
19.2431,-21.8086,-115.7462,10,3,T15,-0.8358,-2.0922,1,82.1337,-0.2909,0.2848,152
25.661,-28.9766,-154.1324,10,4,T15,-0.8358,-2.0922,1,82.1337,-0.2909,0.2848,153
32.0691,-36.1533,-192.5186,10,5,T15,-0.8358,-2.0922,1,82.1337,-0.2909,0.2848,154
38.5401,-43.4204,-231.341,10,6,T15,-0.8358,-2.0922,1,82.1337,-0.2909,0.2848,155
45.0011,-50.6964,-270.1634,10,7,T15,-0.8358,-2.0922,1,82.1337,-0.2909,0.2848,156
51.3796,-57.8995,-308.5496,10,8,T15,-0.8358,-2.0922,1,82.1337,-0.2909,0.2848,157
57.7483,-65.1112,-346.9358,10,9,T15,-0.8358,-2.0922,1,82.1337,-0.2909,0.2848,158
64.1794,-72.4137,-385.7582,10,10,T15,-0.8358,-2.0922,1,82.1337,-0.2909,0.2848,159
-2.044,-9.4236,44.6204,8,1,T16,-1.8153,2.242,-1,93.8308,0.2919,-0.225,160
-4.3601,-18.7794,89.4657,8,2,T16,-1.8153,2.242,-1,93.8308,0.2919,-0.225,161
-6.6876,-28.2297,134.7508,8,3,T16,-1.8153,2.242,-1,93.8308,0.2919,-0.225,162
-8.9812,-37.591,179.5961,8,4,T16,-1.8153,2.242,-1,93.8308,0.2919,-0.225,163
-11.2636,-46.955,224.4415,8,5,T16,-1.8153,2.242,-1,93.8308,0.2919,-0.225,164
-13.557,-56.4136,269.7265,8,6,T16,-1.8153,2.242,-1,93.8308,0.2919,-0.225,165
-15.817,-65.7831,314.5719,8,7,T16,-1.8153,2.242,-1,93.8308,0.2919,-0.225,166
-18.0657,-75.1552,359.4173,8,8,T16,-1.8153,2.242,-1,93.8308,0.2919,-0.225,167
-20.3033,-84.5301,404.2626,8,9,T16,-1.8153,2.242,-1,93.8308,0.2919,-0.225,168
-22.5296,-93.9076,449.108,8,10,T16,-1.8153,2.242,-1,93.8308,0.2919,-0.225,169
9.2704,2.0475,-11.0673,0,1,T17,0.2643,-0.9779,1,69.4934,-0.438,-0.2437,170
18.7165,4.5798,-22.2291,0,2,T17,0.2643,-0.9779,1,69.4934,-0.438,-0.2437,171
28.1668,7.0967,-33.3909,0,3,T17,0.2643,-0.9779,1,69.4934,-0.438,-0.2437,172
37.3346,9.5225,-44.2145,0,4,T17,0.2643,-0.9779,1,69.4934,-0.438,-0.2437,173
46.7929,12.0089,-55.3763,0,5,T17,0.2643,-0.9779,1,69.4934,-0.438,-0.2437,174
56.2553,14.4798,-66.5381,0,6,T17,0.2643,-0.9779,1,69.4934,-0.438,-0.2437,175
65.4348,16.861,-77.3617,0,7,T17,0.2643,-0.9779,1,69.4934,-0.438,-0.2437,176
74.9051,19.3013,-88.5235,0,8,T17,0.2643,-0.9779,1,69.4934,-0.438,-0.2437,177
84.0922,21.6529,-99.3471,0,9,T17,0.2643,-0.9779,1,69.4934,-0.438,-0.2437,178
93.5704,24.0628,-110.5089,0,10,T17,0.2643,-0.9779,1,69.4934,-0.438,-0.2437,179
-6.8689,6.9735,-13.7401,4,1,T18,2.3966,-1.1246,-1,36.1499,-0.4846,-0.2768,180
-13.8916,13.3903,-26.8395,4,2,T18,2.3966,-1.1246,-1,36.1499,-0.4846,-0.2768,181
-20.934,19.7855,-39.9389,4,3,T18,2.3966,-1.1246,-1,36.1499,-0.4846,-0.2768,182
-28.3888,26.5127,-53.7661,4,4,T18,2.3966,-1.1246,-1,36.1499,-0.4846,-0.2768,183
-35.4713,32.8635,-66.8655,4,5,T18,2.3966,-1.1246,-1,36.1499,-0.4846,-0.2768,184
-42.5732,39.1926,-79.965,4,6,T18,2.3966,-1.1246,-1,36.1499,-0.4846,-0.2768,185
-49.8925,45.6748,-93.4283,4,7,T18,2.3966,-1.1246,-1,36.1499,-0.4846,-0.2768,186
-57.2322,52.1339,-106.8916,4,8,T18,2.3966,-1.1246,-1,36.1499,-0.4846,-0.2768,187
-64.3929,58.3963,-119.991,4,9,T18,2.3966,-1.1246,-1,36.1499,-0.4846,-0.2768,188
-71.7726,64.8098,-133.4543,4,10,T18,2.3966,-1.1246,-1,36.1499,-0.4846,-0.2768,189
0.1564,-9.9879,25.5788,9,1,T19,-1.6026,1.6696,1,42.1658,0.4877,0.0261,190
-0.2021,-19.9594,51.1315,8,2,T19,-1.6026,1.6696,1,42.1658,0.4877,0.0261,191
-0.5879,-29.9298,76.6842,8,3,T19,-1.6026,1.6696,1,42.1658,0.4877,0.0261,192
-0.9943,-39.7357,101.8179,8,4,T19,-1.6026,1.6696,1,42.1658,0.4877,0.0261,193
-1.4271,-49.5405,126.9517,8,5,T19,-1.6026,1.6696,1,42.1658,0.4877,0.0261,194
-1.8945,-59.5075,152.5044,8,6,T19,-1.6026,1.6696,1,42.1658,0.4877,0.0261,195
-2.3892,-69.4731,178.057,8,7,T19,-1.6026,1.6696,1,42.1658,0.4877,0.0261,196
-2.9026,-79.274,203.1908,8,8,T19,-1.6026,1.6696,1,42.1658,0.4877,0.0261,197
-3.4425,-89.0735,228.3246,8,9,T19,-1.6026,1.6696,1,42.1658,0.4877,0.0261,198
-4.009,-98.8714,253.4583,8,10,T19,-1.6026,1.6696,1,42.1658,0.4877,0.0261,199
7.3336,-5.9918,8.5477,10,1,T20,-0.733,0.7929,-1,96.5406,0.4481,0.2368,200
14.8777,-12.7596,17.4521,10,2,T20,-0.733,0.7929,-1,96.5406,0.4481,0.2368,201
21.9264,-19.0679,25.763,10,3,T20,-0.733,0.7929,-1,96.5406,0.4481,0.2368,202
28.9822,-25.3681,34.0738,10,4,T20,-0.733,0.7929,-1,96.5406,0.4481,0.2368,203
36.55,-32.1094,42.9783,10,5,T20,-0.733,0.7929,-1,96.5406,0.4481,0.2368,204
43.6207,-38.393,51.2892,10,6,T20,-0.733,0.7929,-1,96.5406,0.4481,0.2368,205
50.6986,-44.6685,59.6,10,7,T20,-0.733,0.7929,-1,96.5406,0.4481,0.2368,206
58.2899,-51.3833,68.5045,10,8,T20,-0.733,0.7929,-1,96.5406,0.4481,0.2368,207
65.3826,-57.642,76.8154,10,9,T20,-0.733,0.7929,-1,96.5406,0.4481,0.2368,208
72.4824,-63.8927,85.1262,10,10,T20,-0.733,0.7929,-1,96.5406,0.4481,0.2368,209
-2.0952,-9.4016,4.0801,8,1,T21,-1.7983,0.3819,-1,46.9157,0.0676,0.3111,210
-4.2339,-18.7931,7.8491,8,2,T21,-1.7983,0.3819,-1,46.9157,0.0676,0.3111,211
-6.3502,-28.1896,11.6181,8,3,T21,-1.7983,0.3819,-1,46.9157,0.0676,0.3111,212
-8.444,-37.5912,15.3871,8,4,T21,-1.7983,0.3819,-1,46.9157,0.0676,0.3111,213
-10.5155,-46.9977,19.1561,8,5,T21,-1.7983,0.3819,-1,46.9157,0.0676,0.3111,214
-12.6529,-56.8185,23.089,8,6,T21,-1.7983,0.3819,-1,46.9157,0.0676,0.3111,215
-14.6783,-66.2351,26.858,8,7,T21,-1.7983,0.3819,-1,46.9157,0.0676,0.3111,216
-16.6813,-75.6564,30.627,8,8,T21,-1.7983,0.3819,-1,46.9157,0.0676,0.3111,217
-18.6618,-85.0825,34.396,8,9,T21,-1.7983,0.3819,-1,46.9157,0.0676,0.3111,218
-20.6197,-94.5133,38.165,8,10,T21,-1.7983,0.3819,-1,46.9157,0.0676,0.3111,219
-5.6979,-8.0094,45.5899,7,1,T22,-2.2077,2.232,-1,94.2705,0.1764,0.3254,220
-11.4716,-15.844,90.4149,7,2,T22,-2.2077,2.232,-1,94.2705,0.1764,0.3254,221
-17.2923,-23.7625,135.6795,7,3,T22,-2.2077,2.232,-1,94.2705,0.1764,0.3254,222
-23.047,-31.6111,180.5045,7,4,T22,-2.2077,2.232,-1,94.2705,0.1764,0.3254,223
-28.7923,-39.4666,225.3295,7,5,T22,-2.2077,2.232,-1,94.2705,0.1764,0.3254,224
-34.5843,-47.4061,270.5941,7,6,T22,-2.2077,2.232,-1,94.2705,0.1764,0.3254,225
-40.3106,-55.2754,315.4191,7,7,T22,-2.2077,2.232,-1,94.2705,0.1764,0.3254,226
-46.0835,-63.2289,360.6836,7,8,T22,-2.2077,2.232,-1,94.2705,0.1764,0.3254,227
-51.7908,-71.112,405.5087,7,9,T22,-2.2077,2.232,-1,94.2705,0.1764,0.3254,228
-57.5444,-79.0793,450.7732,7,10,T22,-2.2077,2.232,-1,94.2705,0.1764,0.3254,229
-7.6627,6.0697,-9.2405,4,1,T23,2.5111,-0.8475,-1,48.0416,-0.3968,0.0653,230
-15.5729,11.8003,-18.5462,4,2,T23,2.5111,-0.8475,-1,48.0416,-0.3968,0.0653,231
-23.4966,17.5121,-27.8519,4,3,T23,2.5111,-0.8475,-1,48.0416,-0.3968,0.0653,232
-31.4337,23.2052,-37.1576,4,4,T23,2.5111,-0.8475,-1,48.0416,-0.3968,0.0653,233
-39.3844,28.8795,-46.4633,4,5,T23,2.5111,-0.8475,-1,48.0416,-0.3968,0.0653,234
-47.3484,34.535,-55.7691,4,6,T23,2.5111,-0.8475,-1,48.0416,-0.3968,0.0653,235
-55.3258,40.1716,-65.0748,4,7,T23,2.5111,-0.8475,-1,48.0416,-0.3968,0.0653,236
-63.3165,45.7893,-74.3805,4,8,T23,2.5111,-0.8475,-1,48.0416,-0.3968,0.0653,237
-71.3204,51.3881,-83.6862,4,9,T23,2.5111,-0.8475,-1,48.0416,-0.3968,0.0653,238
-79.3376,56.968,-92.9919,4,10,T23,2.5111,-0.8475,-1,48.0416,-0.3968,0.0653,239
-1.7195,9.4905,39.4942,3,1,T24,1.8016,2.1142,1,71.5491,-0.4898,0.1841,240
-3.9253,18.9767,79.2411,3,2,T24,1.8016,2.1142,1,71.5491,-0.4898,0.1841,241
-6.092,28.362,118.5512,3,3,T24,1.8016,2.1142,1,71.5491,-0.4898,0.1841,242
-8.268,37.855,158.2981,3,4,T24,1.8016,2.1142,1,71.5491,-0.4898,0.1841,243
-10.4052,47.2472,197.6082,3,5,T24,1.8016,2.1142,1,71.5491,-0.4898,0.1841,244
-12.5277,56.6426,236.9183,3,6,T24,1.8016,2.1142,1,71.5491,-0.4898,0.1841,245
-14.6354,66.0413,276.2284,3,7,T24,1.8016,2.1142,1,71.5491,-0.4898,0.1841,246
-16.7517,75.5479,315.9752,3,8,T24,1.8016,2.1142,1,71.5491,-0.4898,0.1841,247
-18.8298,84.9532,355.2854,3,9,T24,1.8016,2.1142,1,71.5491,-0.4898,0.1841,248
-20.9161,94.4664,395.0322,3,10,T24,1.8016,2.1142,1,71.5491,-0.4898,0.1841,249
-9.8239,-0.7192,0.8274,6,1,T25,-3.0773,0.094,1,65.4105,0.0957,-0.0999,250
-19.655,-1.3257,1.7547,6,2,T25,-3.0773,0.094,1,65.4105,0.0957,-0.0999,251
-29.4872,-1.915,2.6821,6,3,T25,-3.0773,0.094,1,65.4105,0.0957,-0.0999,252
-39.3204,-2.4871,3.6094,6,4,T25,-3.0773,0.094,1,65.4105,0.0957,-0.0999,253
-49.1546,-3.042,4.5368,6,5,T25,-3.0773,0.094,1,65.4105,0.0957,-0.0999,254
-58.9897,-3.5796,5.4641,6,6,T25,-3.0773,0.094,1,65.4105,0.0957,-0.0999,255
-68.8258,-4.1,6.3915,6,7,T25,-3.0773,0.094,1,65.4105,0.0957,-0.0999,256
-78.6628,-4.6032,7.3188,6,8,T25,-3.0773,0.094,1,65.4105,0.0957,-0.0999,257
-88.9478,-5.1108,8.2883,6,9,T25,-3.0773,0.094,1,65.4105,0.0957,-0.0999,258
-98.7865,-5.5788,9.2157,6,10,T25,-3.0773,0.094,1,65.4105,0.0957,-0.0999,259
3.4156,9.047,-25.8823,2,1,T26,1.2154,-1.7032,-1,84.4759,-0.0606,-0.2116,260
6.8172,18.2684,-51.9739,2,2,T26,1.2154,-1.7032,-1,84.4759,-0.0606,-0.2116,261
10.0971,27.1966,-77.2238,2,3,T26,1.2154,-1.7032,-1,84.4759,-0.0606,-0.2116,262
13.4741,36.427,-103.3153,2,4,T26,1.2154,-1.7032,-1,84.4759,-0.0606,-0.2116,263
16.7844,45.5129,-128.986,2,5,T26,1.2154,-1.7032,-1,84.4759,-0.0606,-0.2116,264
20.0826,54.6032,-154.6568,2,6,T26,1.2154,-1.7032,-1,84.4759,-0.0606,-0.2116,265
23.3687,63.6979,-180.3275,2,7,T26,1.2154,-1.7032,-1,84.4759,-0.0606,-0.2116,266
26.6427,72.797,-205.9982,2,8,T26,1.2154,-1.7032,-1,84.4759,-0.0606,-0.2116,267
29.9579,82.0497,-232.0897,2,9,T26,1.2154,-1.7032,-1,84.4759,-0.0606,-0.2116,268
33.1543,91.0082,-257.3396,2,10,T26,1.2154,-1.7032,-1,84.4759,-0.0606,-0.2116,269
-9.8321,0.3118,5.042,5,1,T27,3.0761,0.5296,-1,27.5524,0.3122,-0.4111,270
-19.6462,0.8945,10.4951,5,2,T27,3.0761,0.5296,-1,27.5524,0.3122,-0.4111,271
-29.4626,1.4365,15.9481,5,3,T27,3.0761,0.5296,-1,27.5524,0.3122,-0.4111,272
-39.2812,1.9376,21.4012,5,4,T27,3.0761,0.5296,-1,27.5524,0.3122,-0.4111,273
-49.4947,2.4156,27.0724,5,5,T27,3.0761,0.5296,-1,27.5524,0.3122,-0.4111,274
-59.3172,2.8337,32.5255,5,6,T27,3.0761,0.5296,-1,27.5524,0.3122,-0.4111,275
-69.1413,3.211,37.9785,5,7,T27,3.0761,0.5296,-1,27.5524,0.3122,-0.4111,276
-78.967,3.5475,43.4316,5,8,T27,3.0761,0.5296,-1,27.5524,0.3122,-0.4111,277
-88.7939,3.8432,48.8846,5,9,T27,3.0761,0.5296,-1,27.5524,0.3122,-0.4111,278
-99.0151,4.1074,54.5558,5,10,T27,3.0761,0.5296,-1,27.5524,0.3122,-0.4111,279
-9.5622,1.3571,28.6196,5,1,T28,2.9681,1.8203,-1,64.2915,0.3056,-0.3965,280
-19.0746,2.9985,57.6357,5,2,T28,2.9681,1.8203,-1,64.2915,0.3056,-0.3965,281
-28.8697,4.671,87.5052,5,3,T28,2.9681,1.8203,-1,64.2915,0.3056,-0.3965,282
-38.3878,6.2787,116.5212,5,4,T28,2.9681,1.8203,-1,64.2915,0.3056,-0.3965,283
-47.9087,7.8699,145.5373,5,5,T28,2.9681,1.8203,-1,64.2915,0.3056,-0.3965,284
-57.4324,9.4444,174.5534,5,6,T28,2.9681,1.8203,-1,64.2915,0.3056,-0.3965,285
-66.9588,11.0023,203.5694,5,7,T28,2.9681,1.8203,-1,64.2915,0.3056,-0.3965,286
-76.628,12.566,233.0122,5,8,T28,2.9681,1.8203,-1,64.2915,0.3056,-0.3965,287
-86.3001,14.1127,262.455,5,9,T28,2.9681,1.8203,-1,64.2915,0.3056,-0.3965,288
-95.8346,15.6201,291.471,5,10,T28,2.9681,1.8203,-1,64.2915,0.3056,-0.3965,289
-7.4208,-6.3378,-1.5336,7,1,T29,-2.4592,-0.1676,1,51.2384,0.2492,0.1095,290
-15.0123,-12.4655,-3.1767,7,2,T29,-2.4592,-0.1676,1,51.2384,0.2492,0.1095,291
-22.2713,-18.2989,-4.7452,7,3,T29,-2.4592,-0.1676,1,51.2384,0.2492,0.1095,292
-29.8892,-24.3937,-6.3883,7,4,T29,-2.4592,-0.1676,1,51.2384,0.2492,0.1095,293
-37.5207,-30.4715,-8.0314,7,5,T29,-2.4592,-0.1676,1,51.2384,0.2492,0.1095,294
-45.1655,-36.5325,-9.6746,7,6,T29,-2.4592,-0.1676,1,51.2384,0.2492,0.1095,295
-52.8238,-42.5765,-11.3177,7,7,T29,-2.4592,-0.1676,1,51.2384,0.2492,0.1095,296
-60.4954,-48.6035,-12.9608,7,8,T29,-2.4592,-0.1676,1,51.2384,0.2492,0.1095,297
-68.1804,-54.6135,-14.6039,7,9,T29,-2.4592,-0.1676,1,51.2384,0.2492,0.1095,298
-75.8786,-60.6065,-16.2471,7,10,T29,-2.4592,-0.1676,1,51.2384,0.2492,0.1095,299
2.5086,-9.4205,16.5513,9,1,T30,-1.3107,1.3074,-1,95.8283,-0.0044,-0.1485,300
4.9737,-18.618,32.8628,9,2,T30,-1.3107,1.3074,-1,95.8283,-0.0044,-0.1485,301
7.5085,-28.0315,49.5626,9,3,T30,-1.3107,1.3074,-1,95.8283,-0.0044,-0.1485,302
10.0544,-37.4421,66.2624,9,4,T30,-1.3107,1.3074,-1,95.8283,-0.0044,-0.1485,303
12.5519,-46.6308,82.5738,9,5,T30,-1.3107,1.3074,-1,95.8283,-0.0044,-0.1485,304
15.1199,-56.0353,99.2737,9,6,T30,-1.3107,1.3074,-1,95.8283,-0.0044,-0.1485,305
17.6388,-65.2182,115.5851,9,7,T30,-1.3107,1.3074,-1,95.8283,-0.0044,-0.1485,306
20.2288,-74.6167,132.2849,9,8,T30,-1.3107,1.3074,-1,95.8283,-0.0044,-0.1485,307
22.7692,-83.7937,148.5963,9,9,T30,-1.3107,1.3074,-1,95.8283,-0.0044,-0.1485,308
25.3812,-93.1861,165.2962,9,10,T30,-1.3107,1.3074,-1,95.8283,-0.0044,-0.1485,309
5.8403,-8.2272,-2.4575,10,1,T31,-0.9228,-0.2259,1,76.6799,-0.3019,-0.16,310
11.6455,-15.9311,-4.6551,10,2,T31,-0.9228,-0.2259,1,76.6799,-0.3019,-0.16,311
17.4393,-23.6435,-6.8527,10,3,T31,-0.9228,-0.2259,1,76.6799,-0.3019,-0.16,312
23.2218,-31.3644,-9.0503,10,4,T31,-0.9228,-0.2259,1,76.6799,-0.3019,-0.16,313
28.9931,-39.0937,-11.2479,10,5,T31,-0.9228,-0.2259,1,76.6799,-0.3019,-0.16,314
34.753,-46.8315,-13.4456,10,6,T31,-0.9228,-0.2259,1,76.6799,-0.3019,-0.16,315
40.7626,-54.93,-15.743,10,7,T31,-0.9228,-0.2259,1,76.6799,-0.3019,-0.16,316
46.4993,-62.685,-17.9407,10,8,T31,-0.9228,-0.2259,1,76.6799,-0.3019,-0.16,317
52.4847,-70.8014,-20.2382,10,9,T31,-0.9228,-0.2259,1,76.6799,-0.3019,-0.16,318
58.1981,-78.5735,-22.4358,10,10,T31,-0.9228,-0.2259,1,76.6799,-0.3019,-0.16,319
-1.9386,9.7815,-3.1326,3,1,T32,1.7922,-0.2733,1,88.6529,-0.2497,-0.374,320
-4.0141,19.0879,-5.7713,3,2,T32,1.7922,-0.2733,1,88.6529,-0.2497,-0.374,321
-6.078,28.3968,-8.4099,3,3,T32,1.7922,-0.2733,1,88.6529,-0.2497,-0.374,322
-8.1302,37.7084,-11.0486,3,4,T32,1.7922,-0.2733,1,88.6529,-0.2497,-0.374,323
-10.1707,47.0225,-13.6872,3,5,T32,1.7922,-0.2733,1,88.6529,-0.2497,-0.374,324
-12.2915,56.7627,-16.4458,3,6,T32,1.7922,-0.2733,1,88.6529,-0.2497,-0.374,325
-14.3082,66.082,-19.0845,3,7,T32,1.7922,-0.2733,1,88.6529,-0.2497,-0.374,326
-16.4042,75.8276,-21.8431,3,8,T32,1.7922,-0.2733,1,88.6529,-0.2497,-0.374,327
-18.397,85.1521,-24.4817,3,9,T32,1.7922,-0.2733,1,88.6529,-0.2497,-0.374,328
-20.3782,94.479,-27.1204,3,10,T32,1.7922,-0.2733,1,88.6529,-0.2497,-0.374,329
-0.4255,9.924,7.3307,3,1,T33,1.6564,0.7177,-1,40.2112,-0.4387,-0.4192,330
-1.3165,19.808,15.0806,3,2,T33,1.6564,0.7177,-1,40.2112,-0.4387,-0.4192,331
-2.2358,29.6894,22.8304,3,3,T33,1.6564,0.7177,-1,40.2112,-0.4387,-0.4192,332
-3.1149,38.8626,30.0267,3,4,T33,1.6564,0.7177,-1,40.2112,-0.4387,-0.4192,333
-4.0889,48.7387,37.7766,3,5,T33,1.6564,0.7177,-1,40.2112,-0.4387,-0.4192,334
-5.0913,58.612,45.5265,3,6,T33,1.6564,0.7177,-1,40.2112,-0.4387,-0.4192,335
-6.122,68.4824,53.2763,3,7,T33,1.6564,0.7177,-1,40.2112,-0.4387,-0.4192,336
-7.1811,78.3498,61.0262,3,8,T33,1.6564,0.7177,-1,40.2112,-0.4387,-0.4192,337
-8.1899,87.5097,68.2225,3,9,T33,1.6564,0.7177,-1,40.2112,-0.4387,-0.4192,338
-9.3035,97.371,75.9724,3,10,T33,1.6564,0.7177,-1,40.2112,-0.4387,-0.4192,339
-9.6785,-0.8596,-3.3509,6,1,T34,-3.0274,-0.3581,-1,63.8096,-0.257,0.2028,340
-19.3257,-1.9916,-6.9046,6,2,T34,-3.0274,-0.3581,-1,63.8096,-0.257,0.2028,341
-28.971,-3.1407,-10.4583,6,3,T34,-3.0274,-0.3581,-1,63.8096,-0.257,0.2028,342
-39.0334,-4.3579,-14.1664,6,4,T34,-3.0274,-0.3581,-1,63.8096,-0.257,0.2028,343
-48.6744,-5.5419,-17.7201,6,5,T34,-3.0274,-0.3581,-1,63.8096,-0.257,0.2028,344
-58.3133,-6.7429,-21.2738,6,6,T34,-3.0274,-0.3581,-1,63.8096,-0.257,0.2028,345
-67.95,-7.9611,-24.8275,6,7,T34,-3.0274,-0.3581,-1,63.8096,-0.257,0.2028,346
-77.5846,-9.1962,-28.3812,6,8,T34,-3.0274,-0.3581,-1,63.8096,-0.257,0.2028,347
-87.2169,-10.4485,-31.9348,6,9,T34,-3.0274,-0.3581,-1,63.8096,-0.257,0.2028,348
-96.8471,-11.7177,-35.4885,6,10,T34,-3.0274,-0.3581,-1,63.8096,-0.257,0.2028,349
2.6,9.3187,-42.3859,2,1,T35,1.2955,-2.1867,-1,35.7813,0.0154,0.1486,350
5.1591,18.5452,-84.4819,2,2,T35,1.2955,-2.1867,-1,35.7813,0.0154,0.1486,351
7.7418,27.972,-127.4549,2,3,T35,1.2955,-2.1867,-1,35.7813,0.0154,0.1486,352
10.2428,37.2144,-169.5509,2,4,T35,1.2955,-2.1867,-1,35.7813,0.0154,0.1486,353
12.7662,46.6574,-212.524,2,5,T35,1.2955,-2.1867,-1,35.7813,0.0154,0.1486,354
15.2089,55.9153,-254.62,2,6,T35,1.2955,-2.1867,-1,35.7813,0.0154,0.1486,355
17.6229,65.1809,-296.716,2,7,T35,1.2955,-2.1867,-1,35.7813,0.0154,0.1486,356
20.0574,74.6471,-339.689,2,8,T35,1.2955,-2.1867,-1,35.7813,0.0154,0.1486,357
22.413,83.9276,-381.785,2,9,T35,1.2955,-2.1867,-1,35.7813,0.0154,0.1486,358
24.7879,93.409,-424.758,2,10,T35,1.2955,-2.1867,-1,35.7813,0.0154,0.1486,359
-2.0197,-9.5283,4.6354,8,1,T36,-1.7573,0.4614,1,40.5303,-0.2046,-0.0189,360
-3.8651,-19.0895,9.2898,8,2,T36,-1.7573,0.4614,1,40.5303,-0.2046,-0.0189,361
-5.7371,-28.6455,13.9441,8,3,T36,-1.7573,0.4614,1,40.5303,-0.2046,-0.0189,362
-7.5561,-37.7983,18.4045,8,4,T36,-1.7573,0.4614,1,40.5303,-0.2046,-0.0189,363
-9.4805,-47.3439,23.0588,8,5,T36,-1.7573,0.4614,1,40.5303,-0.2046,-0.0189,364
-11.4314,-56.8841,27.7131,8,6,T36,-1.7573,0.4614,1,40.5303,-0.2046,-0.0189,365
-13.4091,-66.4187,32.3674,8,7,T36,-1.7573,0.4614,1,40.5303,-0.2046,-0.0189,366
-15.4133,-75.9479,37.0218,8,8,T36,-1.7573,0.4614,1,40.5303,-0.2046,-0.0189,367
-17.4442,-85.4713,41.6761,8,9,T36,-1.7573,0.4614,1,40.5303,-0.2046,-0.0189,368
-19.5017,-94.9891,46.3304,8,10,T36,-1.7573,0.4614,1,40.5303,-0.2046,-0.0189,369
-8.1464,-5.5178,-23.8645,7,1,T37,-2.5095,-1.6123,1,45.7694,-0.3495,-0.1924,370
-15.961,-11.1965,-47.1212,7,2,T37,-2.5095,-1.6123,1,45.7694,-0.3495,-0.1924,371
-24.0694,-17.0578,-71.2086,7,3,T37,-2.5095,-1.6123,1,45.7694,-0.3495,-0.1924,372
-31.9123,-22.6974,-94.4653,7,4,T37,-2.5095,-1.6123,1,45.7694,-0.3495,-0.1924,373
-39.9095,-28.4179,-118.1374,7,5,T37,-2.5095,-1.6123,1,45.7694,-0.3495,-0.1924,374
-47.9209,-34.1184,-141.8094,7,6,T37,-2.5095,-1.6123,1,45.7694,-0.3495,-0.1924,375
-55.8056,-39.6994,-165.0662,7,7,T37,-2.5095,-1.6123,1,45.7694,-0.3495,-0.1924,376
-63.9864,-45.4592,-189.1535,7,8,T37,-2.5095,-1.6123,1,45.7694,-0.3495,-0.1924,377
-71.8989,-51.0007,-212.4103,7,9,T37,-2.5095,-1.6123,1,45.7694,-0.3495,-0.1924,378
-79.9666,-56.6212,-236.0824,7,10,T37,-2.5095,-1.6123,1,45.7694,-0.3495,-0.1924,379
-9.8633,-0.3746,26.2322,6,1,T38,-3.0617,1.6996,-1,78.5602,-0.4207,0.1532,380
-19.6918,-1.1829,52.3113,6,2,T38,-3.0617,1.6996,-1,78.5602,-0.4207,0.1532,381
-29.5191,-2.0055,78.3904,6,3,T38,-3.0617,1.6996,-1,78.5602,-0.4207,0.1532,382
-39.1868,-2.8289,104.0489,6,4,T38,-3.0617,1.6996,-1,78.5602,-0.4207,0.1532,383
-49.0117,-3.68,130.128,6,5,T38,-3.0617,1.6996,-1,78.5602,-0.4207,0.1532,384
-58.8354,-4.5454,156.2071,6,6,T38,-3.0617,1.6996,-1,78.5602,-0.4207,0.1532,385
-68.4993,-5.4109,181.8655,6,7,T38,-3.0617,1.6996,-1,78.5602,-0.4207,0.1532,386
-78.3204,-6.3048,207.9446,6,8,T38,-3.0617,1.6996,-1,78.5602,-0.4207,0.1532,387
-87.9819,-7.1983,233.6031,6,9,T38,-3.0617,1.6996,-1,78.5602,-0.4207,0.1532,388
-97.8004,-8.1207,259.6821,6,10,T38,-3.0617,1.6996,-1,78.5602,-0.4207,0.1532,389
6.4805,7.3755,-9.4706,1,1,T39,0.8175,-0.8408,1,58.9449,0.3277,-0.2125,390
13.2138,14.5139,-18.7287,1,2,T39,0.8175,-0.8408,1,58.9449,0.3277,-0.2125,391
19.5106,21.1646,-27.3696,1,3,T39,0.8175,-0.8408,1,58.9449,0.3277,-0.2125,392
26.2706,28.2778,-36.6278,1,4,T39,0.8175,-0.8408,1,58.9449,0.3277,-0.2125,393
33.0443,35.3778,-45.8859,1,5,T39,0.8175,-0.8408,1,58.9449,0.3277,-0.2125,394
39.8318,42.4647,-55.144,1,6,T39,0.8175,-0.8408,1,58.9449,0.3277,-0.2125,395
46.1791,49.0673,-63.7849,1,7,T39,0.8175,-0.8408,1,58.9449,0.3277,-0.2125,396
52.993,56.1287,-73.0431,1,8,T39,0.8175,-0.8408,1,58.9449,0.3277,-0.2125,397
59.8207,63.1769,-82.3012,1,9,T39,0.8175,-0.8408,1,58.9449,0.3277,-0.2125,398
66.6619,70.2119,-91.5593,1,10,T39,0.8175,-0.8408,1,58.9449,0.3277,-0.2125,399
9.3121,2.6401,-29.7948,0,1,T40,0.228,-1.8341,-1,84.7272,0.4601,-0.31,400
18.7254,4.8444,-59.2795,0,2,T40,0.228,-1.8341,-1,84.7272,0.4601,-0.31,401
27.9993,7.0289,-88.3369,0,3,T40,0.228,-1.8341,-1,84.7272,0.4601,-0.31,402
37.543,9.2905,-118.249,0,4,T40,0.228,-1.8341,-1,84.7272,0.4601,-0.31,403
46.8111,11.4996,-147.3064,0,5,T40,0.228,-1.8341,-1,84.7272,0.4601,-0.31,404
56.3488,13.7865,-177.2184,0,6,T40,0.228,-1.8341,-1,84.7272,0.4601,-0.31,405
65.611,16.0203,-206.2758,0,7,T40,0.228,-1.8341,-1,84.7272,0.4601,-0.31,406
75.1426,18.3324,-236.1879,0,8,T40,0.228,-1.8341,-1,84.7272,0.4601,-0.31,407
84.3988,20.5908,-265.2453,0,9,T40,0.228,-1.8341,-1,84.7272,0.4601,-0.31,408
93.9242,22.9282,-295.1573,0,10,T40,0.228,-1.8341,-1,84.7272,0.4601,-0.31,409
5.8132,7.4407,0.497,1,1,T41,0.9483,0.0442,-1,72.5237,-0.3916,0.0799,410
11.5575,15.4837,0.9338,1,2,T41,0.9483,0.0442,-1,72.5237,-0.3916,0.0799,411
17.2891,23.5359,1.3707,1,3,T41,0.9483,0.0442,-1,72.5237,-0.3916,0.0799,412
23.0079,31.5972,1.8076,1,4,T41,0.9483,0.0442,-1,72.5237,-0.3916,0.0799,413
28.7138,39.6675,2.2444,1,5,T41,0.9483,0.0442,-1,72.5237,-0.3916,0.0799,414
34.407,47.7468,2.6813,1,6,T41,0.9483,0.0442,-1,72.5237,-0.3916,0.0799,415
40.0874,55.8352,3.1182,1,7,T41,0.9483,0.0442,-1,72.5237,-0.3916,0.0799,416
45.7549,63.9325,3.5551,1,8,T41,0.9483,0.0442,-1,72.5237,-0.3916,0.0799,417
51.1529,71.6702,3.9721,1,9,T41,0.9483,0.0442,-1,72.5237,-0.3916,0.0799,418
56.7953,79.7851,4.4089,1,10,T41,0.9483,0.0442,-1,72.5237,-0.3916,0.0799,419
-9.0327,4.1237,5.2045,5,1,T42,2.676,0.5102,-1,52.3192,0.3596,-0.0808,420
-17.9138,8.5492,10.4899,5,2,T42,2.676,0.5102,-1,52.3192,0.3596,-0.0808,421
-26.4488,12.7792,15.5639,5,3,T42,2.676,0.5102,-1,52.3192,0.3596,-0.0808,422
-35.3488,17.1663,20.8493,5,4,T42,2.676,0.5102,-1,52.3192,0.3596,-0.0808,423
-44.2586,21.5337,26.1347,5,5,T42,2.676,0.5102,-1,52.3192,0.3596,-0.0808,424
-53.178,25.8814,31.4201,5,6,T42,2.676,0.5102,-1,52.3192,0.3596,-0.0808,425
-62.1069,30.2094,36.7055,5,7,T42,2.676,0.5102,-1,52.3192,0.3596,-0.0808,426
-70.6877,34.3458,41.7794,5,8,T42,2.676,0.5102,-1,52.3192,0.3596,-0.0808,427
-79.6352,38.6352,47.0648,5,9,T42,2.676,0.5102,-1,52.3192,0.3596,-0.0808,428
-88.5922,42.9049,52.3502,5,10,T42,2.676,0.5102,-1,52.3192,0.3596,-0.0808,429
6.9355,6.6841,14.5022,1,1,T43,0.7471,1.2069,1,77.1861,0.1983,-0.1556,430
14.1968,13.3797,29.5358,1,2,T43,0.7471,1.2069,1,77.1861,0.1983,-0.1556,431
21.1043,19.7306,43.8178,1,3,T43,0.7471,1.2069,1,77.1861,0.1983,-0.1556,432
28.385,26.4051,58.8514,1,4,T43,0.7471,1.2069,1,77.1861,0.1983,-0.1556,433
35.3109,32.7359,73.1333,1,5,T43,0.7471,1.2069,1,77.1861,0.1983,-0.1556,434
42.611,39.3892,88.1669,1,6,T43,0.7471,1.2069,1,77.1861,0.1983,-0.1556,435
49.7381,45.8658,102.8247,1,7,T43,0.7471,1.2069,1,77.1861,0.1983,-0.1556,436
56.8746,52.332,117.4824,1,8,T43,0.7471,1.2069,1,77.1861,0.1983,-0.1556,437
64.2039,58.9532,132.516,1,9,T43,0.7471,1.2069,1,77.1861,0.1983,-0.1556,438
71.1758,65.2333,146.798,1,10,T43,0.7471,1.2069,1,77.1861,0.1983,-0.1556,439
4.611,-8.9385,19.3765,9,1,T44,-1.1362,1.3985,1,35.2414,0.4352,0.2728,440
8.6232,-17.6931,37.6843,9,2,T44,-1.1362,1.3985,1,35.2414,0.4352,0.2728,441
12.6077,-26.4605,55.9921,9,3,T44,-1.1362,1.3985,1,35.2414,0.4352,0.2728,442
16.7356,-35.6226,75.0959,9,4,T44,-1.1362,1.3985,1,35.2414,0.4352,0.2728,443
20.6629,-44.4157,93.4037,9,5,T44,-1.1362,1.3985,1,35.2414,0.4352,0.2728,444
24.6468,-53.4127,112.1095,9,6,T44,-1.1362,1.3985,1,35.2414,0.4352,0.2728,445
28.6014,-62.4227,130.8153,9,7,T44,-1.1362,1.3985,1,35.2414,0.4352,0.2728,446
32.4435,-71.2534,149.1231,9,8,T44,-1.1362,1.3985,1,35.2414,0.4352,0.2728,447
36.3402,-80.2886,167.8289,9,9,T44,-1.1362,1.3985,1,35.2414,0.4352,0.2728,448
40.2075,-89.3364,186.5346,9,10,T44,-1.1362,1.3985,1,35.2414,0.4352,0.2728,449
-8.4868,-5.2001,48.6772,7,1,T45,-2.6372,2.2966,1,45.2905,0.4634,-0.2392,450
-17.2884,-10.0152,98.0343,7,2,T45,-2.6372,2.2966,1,45.2905,0.4634,-0.2392,451
-26.0236,-14.7649,146.9507,6,3,T45,-2.6372,2.2966,1,45.2905,0.4634,-0.2392,452
-34.7709,-19.4922,195.8671,6,4,T45,-2.6372,2.2966,1,45.2905,0.4634,-0.2392,453
-43.5302,-24.1973,244.7835,6,5,T45,-2.6372,2.2966,1,45.2905,0.4634,-0.2392,454
-52.3016,-28.8799,293.6998,6,6,T45,-2.6372,2.2966,1,45.2905,0.4634,-0.2392,455
-61.0056,-33.4982,342.1755,6,7,T45,-2.6372,2.2966,1,45.2905,0.4634,-0.2392,456
-69.8007,-38.1362,391.0919,6,8,T45,-2.6372,2.2966,1,45.2905,0.4634,-0.2392,457
-78.5281,-42.7102,439.5676,6,9,T45,-2.6372,2.2966,1,45.2905,0.4634,-0.2392,458
-87.3466,-47.3034,488.484,6,10,T45,-2.6372,2.2966,1,45.2905,0.4634,-0.2392,459
4.776,-8.699,-16.9196,9,1,T46,-1.0299,-1.2876,1,90.6722,-0.3782,-0.3188,460
9.9836,-17.4077,-33.9066,9,2,T46,-1.0299,-1.2876,1,90.6722,-0.3782,-0.3188,461
15.062,-25.925,-50.5074,10,3,T46,-1.0299,-1.2876,1,90.6722,-0.3782,-0.3188,462
20.1295,-34.4488,-67.1083,10,4,T46,-1.0299,-1.2876,1,90.6722,-0.3782,-0.3188,463
25.1861,-42.979,-83.7092,10,5,T46,-1.0299,-1.2876,1,90.6722,-0.3782,-0.3188,464
30.3491,-51.7142,-100.6961,10,6,T46,-1.0299,-1.2876,1,90.6722,-0.3782,-0.3188,465
35.3838,-60.2574,-117.297,10,7,T46,-1.0299,-1.2876,1,90.6722,-0.3782,-0.3188,466
40.4076,-68.8071,-133.8978,10,8,T46,-1.0299,-1.2876,1,90.6722,-0.3782,-0.3188,467
45.4205,-77.363,-150.4987,10,9,T46,-1.0299,-1.2876,1,90.6722,-0.3782,-0.3188,468
50.5388,-86.1246,-167.4857,10,10,T46,-1.0299,-1.2876,1,90.6722,-0.3782,-0.3188,469
9.897,0.4577,-38.309,0,1,T47,0.0615,-2.0621,-1,90.9205,-0.158,0.0046,470
19.7835,1.0856,-76.6226,0,2,T47,0.0615,-2.0621,-1,90.9205,-0.158,0.0046,471
29.4445,1.7114,-114.0654,0,3,T47,0.0615,-2.0621,-1,90.9205,-0.158,0.0046,472
39.3294,2.3641,-152.379,0,4,T47,0.0615,-2.0621,-1,90.9205,-0.158,0.0046,473
49.2135,3.0293,-190.6926,0,5,T47,0.0615,-2.0621,-1,90.9205,-0.158,0.0046,474
59.0967,3.7071,-229.0062,0,6,T47,0.0615,-2.0621,-1,90.9205,-0.158,0.0046,475
68.7545,4.3815,-266.4491,0,7,T47,0.0615,-2.0621,-1,90.9205,-0.158,0.0046,476
78.636,5.084,-304.7627,0,8,T47,0.0615,-2.0621,-1,90.9205,-0.158,0.0046,477
88.5165,5.7991,-343.0763,0,9,T47,0.0615,-2.0621,-1,90.9205,-0.158,0.0046,478
98.1717,6.51,-380.5191,0,10,T47,0.0615,-2.0621,-1,90.9205,-0.158,0.0046,479
9.23,2.0292,-0.1479,0,1,T48,0.1772,-0.01,1,33.5426,0.3858,-0.0531,480
18.9765,3.7245,-0.2471,0,2,T48,0.1772,-0.01,1,33.5426,0.3858,-0.0531,481
28.7288,5.3863,-0.3463,0,3,T48,0.1772,-0.01,1,33.5426,0.3858,-0.0531,482
38.043,6.9413,-0.441,0,4,T48,0.1772,-0.01,1,33.5426,0.3858,-0.0531,483
47.8062,8.5377,-0.5402,0,5,T48,0.1772,-0.01,1,33.5426,0.3858,-0.0531,484
57.1307,10.0304,-0.6349,0,6,T48,0.1772,-0.01,1,33.5426,0.3858,-0.0531,485
66.9043,11.5613,-0.7341,0,7,T48,0.1772,-0.01,1,33.5426,0.3858,-0.0531,486
76.6832,13.0587,-0.8334,0,8,T48,0.1772,-0.01,1,33.5426,0.3858,-0.0531,487
86.0223,14.4566,-0.9281,0,9,T48,0.1772,-0.01,1,33.5426,0.3858,-0.0531,488
95.811,15.8884,-1.0273,0,10,T48,0.1772,-0.01,1,33.5426,0.3858,-0.0531,489
1.4613,-9.6372,-47.8388,9,1,T49,-1.4088,-2.2889,-1,28.5718,-0.1314,-0.2593,490
3.0904,-19.2468,-95.4184,9,2,T49,-1.4088,-2.2889,-1,28.5718,-0.1314,-0.2593,491
4.7264,-28.6721,-142.1168,9,3,T49,-1.4088,-2.2889,-1,28.5718,-0.1314,-0.2593,492
6.431,-38.2686,-189.6963,9,4,T49,-1.4088,-2.2889,-1,28.5718,-0.1314,-0.2593,493
8.1737,-47.8583,-237.2759,9,5,T49,-1.4088,-2.2889,-1,28.5718,-0.1314,-0.2593,494
9.9211,-57.2635,-283.9743,9,6,T49,-1.4088,-2.2889,-1,28.5718,-0.1314,-0.2593,495
11.7391,-66.8392,-331.5538,9,7,T49,-1.4088,-2.2889,-1,28.5718,-0.1314,-0.2593,496
13.5951,-76.4076,-379.1333,9,8,T49,-1.4088,-2.2889,-1,28.5718,-0.1314,-0.2593,497
15.4537,-85.7915,-425.8318,9,9,T49,-1.4088,-2.2889,-1,28.5718,-0.1314,-0.2593,498
17.3848,-95.345,-473.4113,9,10,T49,-1.4088,-2.2889,-1,28.5718,-0.1314,-0.2593,499
